timestamp,event,email,status,message
2026-09-27T20:24:59,LEAD_CATALOGED,elenarostova@gmail.com,VALID,Verified lead: Elena Rostova (Bodhichitta Sound Imports LLC) - USA
2026-09-27T20:24:59,LEAD_CLASSIFIED,elenarostova@gmail.com,TIER 1 - HIGH PRIORITY,BUSINESS (Intent Score: 96) | Direct Himalayan Export: Artisan Hand-Hammered 7-Metals Singing Bowls with Wholesale Volume Pricing & Custom Private Labeling.
2026-09-27T20:24:59,OUTREACH_DISPATCHED,elenarostova@gmail.com,SUCCESS,Dispatched proposal with catalog presentation: Direct Wholesale Himalayan Singing Bowls Export -- Bodhichitta Sound Imports LLC
2026-09-27T20:24:59,LEAD_CATALOGED,klausweber@gmail.com,VALID,Verified lead: Klaus Weber (Klangschalen Zentrum München GmbH) - Germany
2026-09-27T20:24:59,LEAD_CLASSIFIED,klausweber@gmail.com,TIER 1 - HIGH PRIORITY,BUSINESS (Intent Score: 94) | Certified 7-Metal Acoustic Bronze Singing Bowls with Spectrometry Frequency Tuning for Sound Massage Institutes.
2026-09-27T20:24:59,OUTREACH_DISPATCHED,klausweber@gmail.com,SUCCESS,Dispatched proposal with catalog presentation: Direct Wholesale Himalayan Singing Bowls Export -- Klangschalen Zentrum München GmbH
2026-09-27T20:24:59,LEAD_CATALOGED,liamgallagher@gmail.com,VALID,Verified lead: Liam Gallagher (Dharma Meditation Wholesalers Ltd.) - UK
2026-09-27T20:24:59,LEAD_CLASSIFIED,liamgallagher@gmail.com,TIER 1 - HIGH PRIORITY,BUSINESS (Intent Score: 95) | Factory-Direct Himalayan Singing Bowls & Meditation Gongs with UK Bonded Warehouse Logistics.
2026-09-27T20:24:59,OUTREACH_DISPATCHED,liamgallagher@gmail.com,SUCCESS,Dispatched proposal with catalog presentation: Direct Wholesale Himalayan Singing Bowls Export -- Dharma Meditation Wholesalers Ltd.
2026-09-27T20:24:59,LEAD_CATALOGED,stefanbrandt@gmail.com,VALID,Verified lead: Stefan Brandt (Himalaya Kunst & Handwerk Importe e.K.) - Germany
2026-09-27T20:24:59,LEAD_CLASSIFIED,stefanbrandt@gmail.com,TIER 1 - HIGH PRIORITY,BUSINESS (Intent Score: 97) | Direct Factory Sourcing: Master-Grade Singing Bowls & Temple Gongs with Hamburg Port Customs Clearance.
2026-09-27T20:24:59,LEAD_CATALOGED,gareththomas@gmail.com,VALID,Verified lead: Gareth Thomas (Sydney Sound Temple & Healing Academy) - Australia
2026-09-27T20:24:59,LEAD_CLASSIFIED,gareththomas@gmail.com,TIER 1 - HIGH PRIORITY,BUSINESS (Intent Score: 93) | Master-Grade 7-Chakra Tuned Singing Bowl Sets tailored for Sound Therapy Certifications & Teacher Training.
2026-09-27T20:24:59,OUTREACH_DISPATCHED,gareththomas@gmail.com,SUCCESS,Dispatched proposal with catalog presentation: Direct Wholesale Himalayan Singing Bowls Export -- Sydney Sound Temple & Healing Academy
2026-09-27T20:25:00,LEAD_CATALOGED,alextremblay@gmail.com,VALID,Verified lead: Alex Tremblay (Nordic Acoustic & Wellness Supplies Inc.) - Canada
2026-09-27T20:25:00,LEAD_CLASSIFIED,alextremblay@gmail.com,TIER 1 - HIGH PRIORITY,BUSINESS (Intent Score: 91) | Direct Export: Hand-Forged Full Moon Singing Bowls & Heavy Jambati Bass Bowls for Nordic Spas & Studios.
2026-09-27T20:25:00,LEAD_CATALOGED,camilledubois@gmail.com,VALID,Verified lead: Camille Dubois (L'Art du Bol Chantant SAS) - France
2026-09-27T20:25:00,LEAD_CLASSIFIED,camilledubois@gmail.com,TIER 1 - HIGH PRIORITY,BUSINESS (Intent Score: 92) | Artisan Himalayan 7-Metals Singing Bowls with Numbered Authenticity Certificates for French Holistic Boutiques.
2026-09-27T20:25:00,LEAD_CATALOGED,kenjitakahashi@gmail.com,VALID,Verified lead: Kenji Takahashi (Tokyo Zen & Acoustic Craft Corp.) - Japan
2026-09-27T20:25:00,LEAD_CLASSIFIED,kenjitakahashi@gmail.com,TIER 1 - HIGH PRIORITY,BUSINESS (Intent Score: 95) | Sacred Harmonic Himalayan Singing Bowls Tuned to 432Hz & 528Hz Solfeggio for Japanese Zen Centers & Tea Salons.
2026-09-27T20:25:00,LEAD_CATALOGED,mayalin@gmail.com,VALID,Verified lead: Maya Lin (Sound Sanctuary Healing Studio) - USA
2026-09-27T20:25:00,LEAD_CLASSIFIED,mayalin@gmail.com,TIER 2 - MEDIUM PRIORITY,BUSINESS (Intent Score: 84) | Master-Grade 7-Chakra Tuned Singing Bowl Sets tailored for 60-Person Studio Sound Baths & Vibroacoustic Therapy.
2026-09-27T20:25:00,OUTREACH_DISPATCHED,mayalin@gmail.com,SUCCESS,Dispatched proposal with catalog presentation: Master-Grade 7-Chakra Singing Bowl Sets for Sound Sanctuary Healing Studio
2026-09-27T20:25:00,LEAD_CATALOGED,chloebennett@gmail.com,VALID,Verified lead: Chloe Bennett (Zenith Sound & Wellness Spa) - Canada
2026-09-27T20:25:00,LEAD_CLASSIFIED,chloebennett@gmail.com,TIER 2 - MEDIUM PRIORITY,BUSINESS (Intent Score: 86) | Heavy Bronze Meditation Gongs & Antiqued Jambati Singing Bowls for Luxury Resort Spa Sound Lounges.
2026-09-27T20:25:00,OUTREACH_DISPATCHED,chloebennett@gmail.com,SUCCESS,Dispatched proposal with catalog presentation: Master-Grade 7-Chakra Singing Bowl Sets for Zenith Sound & Wellness Spa
2026-09-27T20:25:00,LEAD_CATALOGED,dranjarichter@gmail.com,VALID,Verified lead: Dr. Anja Richter (Harmonie & Klang Therapie Institut) - Austria
2026-09-27T20:25:00,LEAD_CLASSIFIED,dranjarichter@gmail.com,TIER 2 - MEDIUM PRIORITY,BUSINESS (Intent Score: 87) | Clinical-Grade 7-Metal Bronze Singing Bowls with Verified Acoustic Resonance Frequencies for Vibroacoustic Healthcare.
2026-09-27T20:25:00,LEAD_CATALOGED,nathanoconnor@gmail.com,VALID,Verified lead: Nathan O'Connor (AuraSonic Holistic Retreats Pty) - Australia
2026-09-27T20:25:00,LEAD_CLASSIFIED,nathanoconnor@gmail.com,TIER 2 - MEDIUM PRIORITY,"BUSINESS (Intent Score: 81) | Complete Practitioner Sound Bath Bundles: Hand-Hammered Singing Bowls, Temple Gongs & Brocade Cushions."
2026-09-27T20:25:00,LEAD_CATALOGED,jessicawong@gmail.com,VALID,Verified lead: Jessica Wong (Pacific Sound & Thermal Spa) - Canada
2026-09-27T20:25:00,LEAD_CLASSIFIED,jessicawong@gmail.com,TIER 2 - MEDIUM PRIORITY,BUSINESS (Intent Score: 83) | Hydro-Acoustic Compatible Singing Bowls & Meditation Bell Sets for Thermal Mineral Springs.
2026-09-27T20:25:01,LEAD_CATALOGED,ananyaroy@gmail.com,VALID,Verified lead: Ananya Roy (Lotus Sound & Yoga Sanctuary) - India
2026-09-27T20:25:01,LEAD_CLASSIFIED,ananyaroy@gmail.com,TIER 2 - MEDIUM PRIORITY,BUSINESS (Intent Score: 88) | Authentic Himalayan Handcrafted Singing Bowls for Certified 200-Hour Yoga Teacher Trainings.
2026-09-27T20:25:01,OUTREACH_DISPATCHED,ananyaroy@gmail.com,SUCCESS,Dispatched proposal with catalog presentation: Direct Wholesale Himalayan Singing Bowls Export -- Lotus Sound & Yoga Sanctuary
2026-09-27T20:25:01,LEAD_CATALOGED,davidkmiller@gmail.com,VALID,Verified lead: David K. Miller (Sedona Sacred Sound Lounge LLC) - USA
2026-09-27T20:25:01,LEAD_CLASSIFIED,davidkmiller@gmail.com,TIER 2 - MEDIUM PRIORITY,BUSINESS (Intent Score: 85) | Consecrated Full Moon Energy Singing Bowls & Master-Tuned 528Hz Transformation Sets for Vortex Sound Baths.
2026-09-27T20:25:01,LEAD_CATALOGED,michaelvance@gmail.com,VALID,Verified lead: Michael Vance (Vance Mindful Sound Practice) - USA
2026-09-27T20:25:01,LEAD_CLASSIFIED,michaelvance@gmail.com,TIER 3 - LOW PRIORITY,INDIVIDUAL (Intent Score: 52) | Handcrafted Himalayan Singing Bowl Starter Kits with Felt Mallet & Brocade Cushion for Personal Meditation.
2026-09-27T20:25:01,LEAD_CATALOGED,sarahjenkins@gmail.com,VALID,Verified lead: Sarah Jenkins (Sarah Jenkins Sound Journey) - UK
2026-09-27T20:25:01,LEAD_CLASSIFIED,sarahjenkins@gmail.com,TIER 3 - LOW PRIORITY,INDIVIDUAL (Intent Score: 48) | Lightweight Portable Himalayan Singing Bowl Travel Sets for Itinerant Yoga Teachers & Sound Healers.
2026-09-27T20:25:01,LEAD_CATALOGED,marcorossi@gmail.com,VALID,Verified lead: Marco Rossi (Spazio Silenzio Meditazione) - Italy
2026-09-27T20:25:01,LEAD_CLASSIFIED,marcorossi@gmail.com,TIER 3 - LOW PRIORITY,INDIVIDUAL (Intent Score: 55) | Authentic Handcrafted Tibetan Singing Bowl Set for Solo Acoustic Meditation & Sound Therapy.
2026-09-27T20:25:01,DATASET_SEED,,INFO,Successfully initialized ResonaCraft Global B2B CRM with 18 verified international buyers.
2026-09-27T22:15:17,OUTREACH_FAILED,info@gufurnitureusa.com,FAILED,SMTP transmission error: [WinError 10013] An attempt was made to access a socket in a way forbidden by its access permissions
2026-09-27T22:15:20,OUTREACH_FAILED,info@gufurnitureusa.com,FAILED,SMTP transmission error: [WinError 10013] An attempt was made to access a socket in a way forbidden by its access permissions
2026-09-27T22:16:21,OUTREACH_FAILED,info@gufurnitureusa.com,FAILED,SMTP transmission error: [WinError 10013] An attempt was made to access a socket in a way forbidden by its access permissions
2026-09-27T22:16:42,OUTREACH_FAILED,sales@globeimports.com,FAILED,SMTP transmission error: [WinError 10013] An attempt was made to access a socket in a way forbidden by its access permissions
2026-09-27T22:17:14,OUTREACH_FAILED,sales@globeimports.com,FAILED,SMTP transmission error: [WinError 10013] An attempt was made to access a socket in a way forbidden by its access permissions
2026-09-27T22:18:28,OUTREACH_FAILED,sales@globeimports.com,FAILED,SMTP transmission error: [WinError 10013] An attempt was made to access a socket in a way forbidden by its access permissions
2026-09-27T22:18:34,OUTREACH_FAILED,sales@globeimports.com,FAILED,SMTP transmission error: [WinError 10013] An attempt was made to access a socket in a way forbidden by its access permissions
2026-09-27T22:18:36,OUTREACH_FAILED,sales@globeimports.com,FAILED,SMTP transmission error: [WinError 10013] An attempt was made to access a socket in a way forbidden by its access permissions
2026-09-27T22:18:58,OUTREACH_FAILED,sales@globeimports.com,FAILED,SMTP transmission error: [WinError 10013] An attempt was made to access a socket in a way forbidden by its access permissions
2026-09-27T22:21:57,OUTREACH_FAILED,sales@globeimports.com,FAILED,SMTP transmission error: [WinError 10013] An attempt was made to access a socket in a way forbidden by its access permissions
2026-09-27T22:22:41,OUTREACH_FAILED,sales@globeimports.com,FAILED,SMTP transmission error: [WinError 10013] An attempt was made to access a socket in a way forbidden by its access permissions
2026-09-27T22:25:45,OUTREACH_FAILED,sales@globeimports.com,FAILED,SMTP transmission error: [WinError 10013] An attempt was made to access a socket in a way forbidden by its access permissions
2026-09-27T22:26:28,OUTREACH_FAILED,info@usafurniture.us,FAILED,SMTP transmission error: [WinError 10013] An attempt was made to access a socket in a way forbidden by its access permissions
2026-09-27T22:32:36,OUTREACH_FAILED,sales@globeimports.com,FAILED,SMTP transmission error: [WinError 10013] An attempt was made to access a socket in a way forbidden by its access permissions
2026-09-27T22:35:22,OUTREACH_FAILED,sales@globeimports.com,FAILED,SMTP transmission error: [WinError 10013] An attempt was made to access a socket in a way forbidden by its access permissions
2026-09-27T22:50:13,OUTREACH_FAILED,sales@globeimports.com,FAILED,SMTP transmission error: [WinError 10013] An attempt was made to access a socket in a way forbidden by its access permissions
2026-09-27T23:02:05,OUTREACH_FAILED,sales@globeimports.com,FAILED,SMTP transmission error: [WinError 10013] An attempt was made to access a socket in a way forbidden by its access permissions
2026-09-27T23:04:55,OUTREACH_FAILED,sales@globeimports.com,FAILED,SMTP transmission error: [WinError 10013] An attempt was made to access a socket in a way forbidden by its access permissions
2026-09-27T23:09:26,OUTREACH_FAILED,sales@globeimports.com,FAILED,SMTP transmission error: [WinError 10013] An attempt was made to access a socket in a way forbidden by its access permissions
2026-09-27T23:19:45,OUTREACH_FAILED,sales@globeimports.com,FAILED,SMTP transmission error: [WinError 10013] An attempt was made to access a socket in a way forbidden by its access permissions
2026-09-27T23:30:56,OUTREACH_FAILED,info@usafurniture.us,FAILED,SMTP transmission error: [WinError 10013] An attempt was made to access a socket in a way forbidden by its access permissions
