buyer_name,company_name,email,website,country,source_platform
Elena Rostova,Bodhichitta Sound Imports LLC,elenarostova@gmail.com,https://bodhichittasound.com,USA,Global Trade Directory
Klaus Weber,Klangschalen Zentrum München GmbH,klausweber@gmail.com,https://klangschalen-muenchen.de,Germany,European Wellness Registry
Liam Gallagher,Dharma Meditation Wholesalers Ltd.,liamgallagher@gmail.com,https://dharmameditation.co.uk,UK,Wholesale Trade Portal
Stefan Brandt,Himalaya Kunst & Handwerk Importe e.K.,stefanbrandt@gmail.com,https://himalayakunst-berlin.de,Germany,Hamburg Port Trade Registry
Gareth Thomas,Sydney Sound Temple & Healing Academy,gareththomas@gmail.com,https://sydneysoundtemple.com.au,Australia,Asia-Pacific Trade Hub
Alex Tremblay,Nordic Acoustic & Wellness Supplies Inc.,alextremblay@gmail.com,https://nordicacoustic.ca,Canada,Canadian Holistic Network
Camille Dubois,L'Art du Bol Chantant SAS,camilledubois@gmail.com,https://bolschantants-paris.fr,France,French Artisan Import Network
Kenji Takahashi,Tokyo Zen & Acoustic Craft Corp.,kenjitakahashi@gmail.com,https://tokyo-zen-acoustic.jp,Japan,Japan Trade Organization
Maya Lin,Sound Sanctuary Healing Studio,mayalin@gmail.com,https://soundsanctuary.com,USA,Google Directory
Chloe Bennett,Zenith Sound & Wellness Spa,chloebennett@gmail.com,https://zenithspa.ca,Canada,North American Spa Guild
Dr. Anja Richter,Harmonie & Klang Therapie Institut,dranjarichter@gmail.com,https://harmonie-klang.at,Austria,European Medical Spa Registry
Nathan O'Connor,AuraSonic Holistic Retreats Pty,nathanoconnor@gmail.com,https://aurasonic.com.au,Australia,Australian Holistic Alliance
Jessica Wong,Pacific Sound & Thermal Spa,jessicawong@gmail.com,https://pacificsoundtherapy.ca,Canada,Canadian Spa Network
Ananya Roy,Lotus Sound & Yoga Sanctuary,ananyaroy@gmail.com,https://lotussound.in,India,Rishikesh Yoga Alliance
David K. Miller,Sedona Sacred Sound Lounge LLC,davidkmiller@gmail.com,https://sedonasoundlounge.com,USA,Sedona Chamber of Commerce
Michael Vance,Vance Mindful Sound Practice,michaelvance@gmail.com,https://michaelvance-yoga.com,USA,Independent Yoga Community
Sarah Jenkins,Sarah Jenkins Sound Journey,sarahjenkins@gmail.com,https://sarahjenkinswellness.co.uk,UK,Holistic Practitioner Network
Marco Rossi,Spazio Silenzio Meditazione,marcorossi@gmail.com,https://spaziosilenzio.it,Italy,Italian Mindfulness Network
